{
  "01_hold_lr_run": {
    "Finetuned best": {
      "validation": {
        "emotion": 0.751984126984127,
        "gender": 0.9166666666666666,
        "age": 0.7738095238095238
      },
      "test": {
        "emotion": 0.6765873015873016,
        "gender": 0.9305555555555556,
        "age": 0.7718253968253969
      }
    },
    "Finetuned latest": {
      "validation": {
        "emotion": 0.7638888888888888,
        "gender": 0.9384920634920635,
        "age": 0.7777777777777778
      },
      "test": {
        "emotion": 0.6785714285714286,
        "gender": 0.9404761904761905,
        "age": 0.7658730158730159
      }
    }
  },
  "02_warmup_lr_run": {
    "Finetuned best": {
      "validation": {
        "emotion": 0.7182539682539683,
        "gender": 0.9226190476190477,
        "age": 0.7638888888888888
      },
      "test": {
        "emotion": 0.6944444444444444,
        "gender": 0.9166666666666666,
        "age": 0.7698412698412699
      }
    },
    "Finetuned latest": {
      "validation": {
        "emotion": 0.7817460317460317,
        "gender": 0.9444444444444444,
        "age": 0.7976190476190477
      },
      "test": {
        "emotion": 0.753968253968254,
        "gender": 0.9444444444444444,
        "age": 0.7678571428571429
      }
    }
  },
  "03_regularized_run": {
    "Finetuned best": {
      "validation": {
        "emotion": 0.751984126984127,
        "gender": 0.9345238095238095,
        "age": 0.7876984126984127
      },
      "test": {
        "emotion": 0.7341269841269841,
        "gender": 0.9246031746031746,
        "age": 0.7738095238095238
      }
    },
    "Finetuned latest": {
      "validation": {
        "emotion": 0.7698412698412699,
        "gender": 0.9484126984126984,
        "age": 0.8035714285714286
      },
      "test": {
        "emotion": 0.753968253968254,
        "gender": 0.9365079365079365,
        "age": 0.7857142857142857
      }
    }
  },
  "eval": {
    "Finetuned best": {
      "validation": {
        "emotion": 0.7698412698412699,
        "gender": 0.9464285714285714,
        "age": 0.7996031746031746
      },
      "test": {
        "emotion": 0.746031746031746,
        "gender": 0.9444444444444444,
        "age": 0.7916666666666666
      }
    },
    "Finetuned latest": {
      "validation": {
        "emotion": 0.7777777777777778,
        "gender": 0.9384920634920635,
        "age": 0.8234126984126984
      },
      "test": {
        "emotion": 0.7638888888888888,
        "gender": 0.9384920634920635,
        "age": 0.7619047619047619
      }
    }
  }
}