{
  "Finetuned best": {
    "checkpoint": "/home/fatikh/issai/audio-clf/models/finetune/best_model_finetuned.pt",
    "train": {
      "n": 62441,
      "accuracy": {
        "emotion": 0.24600823177079162,
        "gender": 0.7822264217421245,
        "age": 0.32067071315321666
      },
      "per_class": {
        "emotion": {
          "angry": 0.27215826534033755,
          "disgusted": 0.025596679349705984,
          "fearful": 0.3007644061152489,
          "happy": 0.16884648370497427,
          "neutral": 0.5830758496960032,
          "sad": 0.16953669536695368,
          "surprised": 0.10109090909090909
        },
        "gender": {
          "F": 0.7971567878752276,
          "M": 0.7643247050537066
        },
        "age": {
          "adult": 0.7030600461893765,
          "child": 0.287663564481142,
          "senior": 0.04366295264623955,
          "young": 0.18870673952641165
        }
      },
      "support": {
        "emotion": {
          "angry": 8947,
          "disgusted": 8673,
          "neutral": 10033,
          "surprised": 5500,
          "fearful": 10204,
          "happy": 9328,
          "sad": 9756
        },
        "gender": {
          "M": 28395,
          "F": 34046
        },
        "age": {
          "adult": 17320,
          "senior": 14360,
          "child": 14291,
          "young": 16470
        }
      }
    }
  }
}