{
  "Finetuned best": {
    "checkpoint": "/home/fatikh/issai/audio-clf/models/finetune/best_model_finetuned.pt",
    "train": {
      "n": 7646,
      "accuracy": {
        "emotion": 0.7934867904786816,
        "gender": 0.9423227831545906,
        "age": 0.8820298195134711
      },
      "per_class": {
        "emotion": {
          "angry": 0.8777089783281734,
          "disgusted": 0.7719745222929937,
          "fearful": 0.7445054945054945,
          "happy": 0.8751334044823906,
          "neutral": 0.876452862677572,
          "sad": 0.601889338731444,
          "surprised": 0.575
        },
        "gender": {
          "F": 0.9048807542983915,
          "M": 0.9757425742574257
        },
        "age": {
          "adult": 0.9230164964650432,
          "child": 0.9620455453455853,
          "senior": 0.9054170249355116,
          "young": 0.6506276150627615
        }
      },
      "support": {
        "emotion": {
          "disgusted": 785,
          "happy": 937,
          "neutral": 2323,
          "angry": 1292,
          "surprised": 840,
          "fearful": 728,
          "sad": 741
        },
        "gender": {
          "M": 4040,
          "F": 3606
        },
        "age": {
          "child": 2503,
          "adult": 2546,
          "senior": 1163,
          "young": 1434
        }
      }
    }
  },
  "Finetuned latest": {
    "checkpoint": "/home/fatikh/issai/audio-clf/models/finetune/latest_checkpoint_finetune.pt",
    "train": {
      "n": 7646,
      "accuracy": {
        "emotion": 0.8663353387392101,
        "gender": 0.9513471095997907,
        "age": 0.911849332984567
      },
      "per_class": {
        "emotion": {
          "angry": 0.8777089783281734,
          "disgusted": 0.8394904458598726,
          "fearful": 0.8763736263736264,
          "happy": 0.9231590181430096,
          "neutral": 0.9022815325010762,
          "sad": 0.7746288798920378,
          "surprised": 0.7833333333333333
        },
        "gender": {
          "F": 0.9683860232945092,
          "M": 0.9361386138613862
        },
        "age": {
          "adult": 0.9560094265514533,
          "child": 0.9644426687974431,
          "senior": 0.9165950128976784,
          "young": 0.7377963737796374
        }
      },
      "support": {
        "emotion": {
          "disgusted": 785,
          "happy": 937,
          "neutral": 2323,
          "angry": 1292,
          "surprised": 840,
          "fearful": 728,
          "sad": 741
        },
        "gender": {
          "M": 4040,
          "F": 3606
        },
        "age": {
          "child": 2503,
          "adult": 2546,
          "senior": 1163,
          "young": 1434
        }
      }
    }
  }
}