{
  "Finetuned best": {
    "checkpoint": "/home/fatikh/issai/audio-clf/models/finetune/best_model_finetuned.pt",
    "train": {
      "n": 9072,
      "accuracy": {
        "emotion": 0.8876763668430335,
        "gender": 0.9490740740740741,
        "age": 0.8881172839506173
      },
      "per_class": {
        "emotion": {
          "angry": 0.8495370370370371,
          "disgusted": 0.9992283950617284,
          "fearful": 0.9313271604938271,
          "happy": 0.8479938271604939,
          "neutral": 0.8595679012345679,
          "sad": 0.9212962962962963,
          "surprised": 0.8047839506172839
        },
        "gender": {
          "F": 0.9488536155202821,
          "M": 0.949294532627866
        },
        "age": {
          "adult": 0.8465608465608465,
          "child": 0.9307760141093474,
          "senior": 0.9400352733686067,
          "young": 0.8350970017636684
        }
      },
      "support": {
        "emotion": {
          "happy": 1296,
          "surprised": 1296,
          "angry": 1296,
          "sad": 1296,
          "neutral": 1296,
          "disgusted": 1296,
          "fearful": 1296
        },
        "gender": {
          "F": 4536,
          "M": 4536
        },
        "age": {
          "adult": 2268,
          "child": 2268,
          "senior": 2268,
          "young": 2268
        }
      }
    },
    "validation": {
      "n": 504,
      "accuracy": {
        "emotion": 0.751984126984127,
        "gender": 0.9166666666666666,
        "age": 0.7738095238095238
      },
      "per_class": {
        "emotion": {
          "angry": 0.6388888888888888,
          "disgusted": 1.0,
          "fearful": 0.8055555555555556,
          "happy": 0.6111111111111112,
          "neutral": 0.6666666666666666,
          "sad": 0.8472222222222222,
          "surprised": 0.6944444444444444
        },
        "gender": {
          "F": 0.9444444444444444,
          "M": 0.8888888888888888
        },
        "age": {
          "adult": 0.7222222222222222,
          "child": 0.8412698412698413,
          "senior": 0.8412698412698413,
          "young": 0.6904761904761905
        }
      },
      "support": {
        "emotion": {
          "happy": 72,
          "surprised": 72,
          "angry": 72,
          "sad": 72,
          "neutral": 72,
          "disgusted": 72,
          "fearful": 72
        },
        "gender": {
          "F": 252,
          "M": 252
        },
        "age": {
          "adult": 126,
          "child": 126,
          "senior": 126,
          "young": 126
        }
      }
    },
    "test": {
      "n": 504,
      "accuracy": {
        "emotion": 0.6765873015873016,
        "gender": 0.9305555555555556,
        "age": 0.7718253968253969
      },
      "per_class": {
        "emotion": {
          "angry": 0.6111111111111112,
          "disgusted": 0.9861111111111112,
          "fearful": 0.6944444444444444,
          "happy": 0.5972222222222222,
          "neutral": 0.625,
          "sad": 0.6388888888888888,
          "surprised": 0.5833333333333334
        },
        "gender": {
          "F": 0.9285714285714286,
          "M": 0.9325396825396826
        },
        "age": {
          "adult": 0.6825396825396826,
          "child": 0.8809523809523809,
          "senior": 0.8095238095238095,
          "young": 0.7142857142857143
        }
      },
      "support": {
        "emotion": {
          "happy": 72,
          "surprised": 72,
          "angry": 72,
          "sad": 72,
          "neutral": 72,
          "disgusted": 72,
          "fearful": 72
        },
        "gender": {
          "F": 252,
          "M": 252
        },
        "age": {
          "adult": 126,
          "child": 126,
          "senior": 126,
          "young": 126
        }
      }
    }
  },
  "Finetuned latest": {
    "checkpoint": "/home/fatikh/issai/audio-clf/models/finetune/latest_checkpoint_finetune.pt",
    "train": {
      "n": 9072,
      "accuracy": {
        "emotion": 0.8880070546737213,
        "gender": 0.9616402116402116,
        "age": 0.8832671957671958
      },
      "per_class": {
        "emotion": {
          "angry": 0.7600308641975309,
          "disgusted": 0.9992283950617284,
          "fearful": 0.9197530864197531,
          "happy": 0.8719135802469136,
          "neutral": 0.8888888888888888,
          "sad": 0.9529320987654321,
          "surprised": 0.8233024691358025
        },
        "gender": {
          "F": 0.9700176366843033,
          "M": 0.95326278659612
        },
        "age": {
          "adult": 0.8734567901234568,
          "child": 0.9523809523809523,
          "senior": 0.9695767195767195,
          "young": 0.7376543209876543
        }
      },
      "support": {
        "emotion": {
          "happy": 1296,
          "surprised": 1296,
          "angry": 1296,
          "sad": 1296,
          "neutral": 1296,
          "disgusted": 1296,
          "fearful": 1296
        },
        "gender": {
          "F": 4536,
          "M": 4536
        },
        "age": {
          "adult": 2268,
          "child": 2268,
          "senior": 2268,
          "young": 2268
        }
      }
    },
    "validation": {
      "n": 504,
      "accuracy": {
        "emotion": 0.7638888888888888,
        "gender": 0.9384920634920635,
        "age": 0.7777777777777778
      },
      "per_class": {
        "emotion": {
          "angry": 0.5972222222222222,
          "disgusted": 0.9861111111111112,
          "fearful": 0.8333333333333334,
          "happy": 0.5972222222222222,
          "neutral": 0.7361111111111112,
          "sad": 0.8888888888888888,
          "surprised": 0.7083333333333334
        },
        "gender": {
          "F": 0.9563492063492064,
          "M": 0.9206349206349206
        },
        "age": {
          "adult": 0.753968253968254,
          "child": 0.8968253968253969,
          "senior": 0.873015873015873,
          "young": 0.5873015873015873
        }
      },
      "support": {
        "emotion": {
          "happy": 72,
          "surprised": 72,
          "angry": 72,
          "sad": 72,
          "neutral": 72,
          "disgusted": 72,
          "fearful": 72
        },
        "gender": {
          "F": 252,
          "M": 252
        },
        "age": {
          "adult": 126,
          "child": 126,
          "senior": 126,
          "young": 126
        }
      }
    },
    "test": {
      "n": 504,
      "accuracy": {
        "emotion": 0.6785714285714286,
        "gender": 0.9404761904761905,
        "age": 0.7658730158730159
      },
      "per_class": {
        "emotion": {
          "angry": 0.4861111111111111,
          "disgusted": 0.9722222222222222,
          "fearful": 0.8055555555555556,
          "happy": 0.5833333333333334,
          "neutral": 0.5972222222222222,
          "sad": 0.7083333333333334,
          "surprised": 0.5972222222222222
        },
        "gender": {
          "F": 0.9523809523809523,
          "M": 0.9285714285714286
        },
        "age": {
          "adult": 0.6904761904761905,
          "child": 0.8888888888888888,
          "senior": 0.9047619047619048,
          "young": 0.5793650793650794
        }
      },
      "support": {
        "emotion": {
          "happy": 72,
          "surprised": 72,
          "angry": 72,
          "sad": 72,
          "neutral": 72,
          "disgusted": 72,
          "fearful": 72
        },
        "gender": {
          "F": 252,
          "M": 252
        },
        "age": {
          "adult": 126,
          "child": 126,
          "senior": 126,
          "young": 126
        }
      }
    }
  }
}