{
  "Finetuned best": {
    "checkpoint": "/home/fatikh/issai/audio-clf/models/finetune/best_model_finetuned.pt",
    "train": {
      "n": 9072,
      "accuracy": {
        "emotion": 0.9358465608465608,
        "gender": 0.968694885361552,
        "age": 0.9360670194003528
      },
      "per_class": {
        "emotion": {
          "angry": 0.9020061728395061,
          "disgusted": 0.9976851851851852,
          "fearful": 0.9506172839506173,
          "happy": 0.9367283950617284,
          "neutral": 0.9182098765432098,
          "sad": 0.9691358024691358,
          "surprised": 0.8765432098765432
        },
        "gender": {
          "F": 0.9691358024691358,
          "M": 0.9682539682539683
        },
        "age": {
          "adult": 0.8694885361552028,
          "child": 0.9748677248677249,
          "senior": 0.9744268077601411,
          "young": 0.9254850088183422
        }
      },
      "support": {
        "emotion": {
          "happy": 1296,
          "surprised": 1296,
          "angry": 1296,
          "sad": 1296,
          "neutral": 1296,
          "disgusted": 1296,
          "fearful": 1296
        },
        "gender": {
          "F": 4536,
          "M": 4536
        },
        "age": {
          "adult": 2268,
          "child": 2268,
          "senior": 2268,
          "young": 2268
        }
      }
    },
    "validation": {
      "n": 504,
      "accuracy": {
        "emotion": 0.7698412698412699,
        "gender": 0.9464285714285714,
        "age": 0.7996031746031746
      },
      "per_class": {
        "emotion": {
          "angry": 0.7222222222222222,
          "disgusted": 1.0,
          "fearful": 0.8472222222222222,
          "happy": 0.7083333333333334,
          "neutral": 0.5694444444444444,
          "sad": 0.8333333333333334,
          "surprised": 0.7083333333333334
        },
        "gender": {
          "F": 0.9563492063492064,
          "M": 0.9365079365079365
        },
        "age": {
          "adult": 0.6349206349206349,
          "child": 0.8968253968253969,
          "senior": 0.8571428571428571,
          "young": 0.8095238095238095
        }
      },
      "support": {
        "emotion": {
          "happy": 72,
          "surprised": 72,
          "angry": 72,
          "sad": 72,
          "neutral": 72,
          "disgusted": 72,
          "fearful": 72
        },
        "gender": {
          "F": 252,
          "M": 252
        },
        "age": {
          "adult": 126,
          "child": 126,
          "senior": 126,
          "young": 126
        }
      }
    },
    "test": {
      "n": 504,
      "accuracy": {
        "emotion": 0.746031746031746,
        "gender": 0.9444444444444444,
        "age": 0.7916666666666666
      },
      "per_class": {
        "emotion": {
          "angry": 0.6944444444444444,
          "disgusted": 0.9722222222222222,
          "fearful": 0.8055555555555556,
          "happy": 0.7083333333333334,
          "neutral": 0.5972222222222222,
          "sad": 0.7638888888888888,
          "surprised": 0.6805555555555556
        },
        "gender": {
          "F": 0.9484126984126984,
          "M": 0.9404761904761905
        },
        "age": {
          "adult": 0.6349206349206349,
          "child": 0.9285714285714286,
          "senior": 0.8888888888888888,
          "young": 0.7142857142857143
        }
      },
      "support": {
        "emotion": {
          "happy": 72,
          "surprised": 72,
          "angry": 72,
          "sad": 72,
          "neutral": 72,
          "disgusted": 72,
          "fearful": 72
        },
        "gender": {
          "F": 252,
          "M": 252
        },
        "age": {
          "adult": 126,
          "child": 126,
          "senior": 126,
          "young": 126
        }
      }
    }
  },
  "Finetuned latest": {
    "checkpoint": "/home/fatikh/issai/audio-clf/models/finetune/latest_checkpoint_finetune.pt",
    "train": {
      "n": 9072,
      "accuracy": {
        "emotion": 0.9615299823633157,
        "gender": 0.9737654320987654,
        "age": 0.9440035273368607
      },
      "per_class": {
        "emotion": {
          "angry": 0.9452160493827161,
          "disgusted": 0.9992283950617284,
          "fearful": 0.9791666666666666,
          "happy": 0.9583333333333334,
          "neutral": 0.9583333333333334,
          "sad": 0.9753086419753086,
          "surprised": 0.9151234567901234
        },
        "gender": {
          "F": 0.9841269841269841,
          "M": 0.9634038800705468
        },
        "age": {
          "adult": 0.9426807760141094,
          "child": 0.9854497354497355,
          "senior": 0.9911816578483245,
          "young": 0.8567019400352733
        }
      },
      "support": {
        "emotion": {
          "happy": 1296,
          "surprised": 1296,
          "angry": 1296,
          "sad": 1296,
          "neutral": 1296,
          "disgusted": 1296,
          "fearful": 1296
        },
        "gender": {
          "F": 4536,
          "M": 4536
        },
        "age": {
          "adult": 2268,
          "child": 2268,
          "senior": 2268,
          "young": 2268
        }
      }
    },
    "validation": {
      "n": 504,
      "accuracy": {
        "emotion": 0.7777777777777778,
        "gender": 0.9384920634920635,
        "age": 0.8234126984126984
      },
      "per_class": {
        "emotion": {
          "angry": 0.7777777777777778,
          "disgusted": 1.0,
          "fearful": 0.875,
          "happy": 0.6666666666666666,
          "neutral": 0.6111111111111112,
          "sad": 0.8055555555555556,
          "surprised": 0.7083333333333334
        },
        "gender": {
          "F": 0.9642857142857143,
          "M": 0.9126984126984127
        },
        "age": {
          "adult": 0.753968253968254,
          "child": 0.9206349206349206,
          "senior": 0.9126984126984127,
          "young": 0.7063492063492064
        }
      },
      "support": {
        "emotion": {
          "happy": 72,
          "surprised": 72,
          "angry": 72,
          "sad": 72,
          "neutral": 72,
          "disgusted": 72,
          "fearful": 72
        },
        "gender": {
          "F": 252,
          "M": 252
        },
        "age": {
          "adult": 126,
          "child": 126,
          "senior": 126,
          "young": 126
        }
      }
    },
    "test": {
      "n": 504,
      "accuracy": {
        "emotion": 0.7638888888888888,
        "gender": 0.9384920634920635,
        "age": 0.7619047619047619
      },
      "per_class": {
        "emotion": {
          "angry": 0.7361111111111112,
          "disgusted": 0.9861111111111112,
          "fearful": 0.8472222222222222,
          "happy": 0.7222222222222222,
          "neutral": 0.5694444444444444,
          "sad": 0.7638888888888888,
          "surprised": 0.7222222222222222
        },
        "gender": {
          "F": 0.9603174603174603,
          "M": 0.9166666666666666
        },
        "age": {
          "adult": 0.6746031746031746,
          "child": 0.9126984126984127,
          "senior": 0.9047619047619048,
          "young": 0.5555555555555556
        }
      },
      "support": {
        "emotion": {
          "happy": 72,
          "surprised": 72,
          "angry": 72,
          "sad": 72,
          "neutral": 72,
          "disgusted": 72,
          "fearful": 72
        },
        "gender": {
          "F": 252,
          "M": 252
        },
        "age": {
          "adult": 126,
          "child": 126,
          "senior": 126,
          "young": 126
        }
      }
    }
  }
}