{
  "Finetuned best": {
    "checkpoint": "/home/fatikh/issai/audio-clf/single_head/models/emotion/finetune/best_model_finetuned.pt",
    "validation": {
      "n": 504,
      "accuracy": {
        "emotion": 0.7361111111111112
      },
      "per_class": {
        "emotion": {
          "angry": 0.6805555555555556,
          "disgusted": 0.9861111111111112,
          "fearful": 0.8472222222222222,
          "happy": 0.7361111111111112,
          "neutral": 0.5277777777777778,
          "sad": 0.6666666666666666,
          "surprised": 0.7083333333333334
        }
      },
      "support": {
        "emotion": {
          "happy": 72,
          "surprised": 72,
          "angry": 72,
          "sad": 72,
          "neutral": 72,
          "disgusted": 72,
          "fearful": 72
        }
      }
    },
    "test": {
      "n": 504,
      "accuracy": {
        "emotion": 0.7043650793650794
      },
      "per_class": {
        "emotion": {
          "angry": 0.6944444444444444,
          "disgusted": 0.9861111111111112,
          "fearful": 0.8194444444444444,
          "happy": 0.6527777777777778,
          "neutral": 0.4305555555555556,
          "sad": 0.625,
          "surprised": 0.7222222222222222
        }
      },
      "support": {
        "emotion": {
          "happy": 72,
          "surprised": 72,
          "angry": 72,
          "sad": 72,
          "neutral": 72,
          "disgusted": 72,
          "fearful": 72
        }
      }
    }
  },
  "Finetuned latest": {
    "checkpoint": "/home/fatikh/issai/audio-clf/single_head/models/emotion/finetune/latest_checkpoint_finetune.pt",
    "validation": {
      "n": 504,
      "accuracy": {
        "emotion": 0.753968253968254
      },
      "per_class": {
        "emotion": {
          "angry": 0.6944444444444444,
          "disgusted": 1.0,
          "fearful": 0.8611111111111112,
          "happy": 0.6666666666666666,
          "neutral": 0.625,
          "sad": 0.7222222222222222,
          "surprised": 0.7083333333333334
        }
      },
      "support": {
        "emotion": {
          "happy": 72,
          "surprised": 72,
          "angry": 72,
          "sad": 72,
          "neutral": 72,
          "disgusted": 72,
          "fearful": 72
        }
      }
    },
    "test": {
      "n": 504,
      "accuracy": {
        "emotion": 0.7559523809523809
      },
      "per_class": {
        "emotion": {
          "angry": 0.6388888888888888,
          "disgusted": 1.0,
          "fearful": 0.8055555555555556,
          "happy": 0.6527777777777778,
          "neutral": 0.75,
          "sad": 0.75,
          "surprised": 0.6944444444444444
        }
      },
      "support": {
        "emotion": {
          "happy": 72,
          "surprised": 72,
          "angry": 72,
          "sad": 72,
          "neutral": 72,
          "disgusted": 72,
          "fearful": 72
        }
      }
    }
  }
}